id,first_name,last_name,street,city_id,zipcode,email,store_id,salary
1,Milton,Geard,0489 Tony Way,74,,mgeard0@cdbaby.com,5,4051
2,Krishnah,Dysert,750 Pennsylvania Street,82,8715,kdysert1@comcast.net,13,2387
3,Stillmann,Krzysztof,50 Alpine Junction,74,66160,skrzysztof2@tumblr.com,11,2018
4,Arlene,Tedman,679 Jay Hill,57,,atedman3@marketwatch.com,7,9316
5,Kass,Janoschek,848 Duke Circle,81,,kjanoschek4@whitehouse.gov,11,8090
6,Brandtr,Ollerearnshaw,8147 Dawn Crossing,45,,bollerearnshaw5@noaa.gov,9,11951
7,Edna,Killingback,542 Oak Court,79,,ekillingback6@about.com,1,5375
8,Gnni,Downes,1 Lerdahl Way,23,729-3222,gdownes7@live.com,15,2876
9,Vivien,Watson-Brown,03 Schmedeman Parkway,88,747 43,vwatsonbrown8@dion.ne.jp,7,4407
10,Tabbie,Jeanesson,58 Bluestem Junction,89,,tjeanesson9@diigo.com,3,3397
11,Virgie,Lammerts,2 Anniversary Lane,7,,vlammertsa@biblegateway.com,12,2012
12,Aleksandr,Lidell,7853 Bonner Hill,1,50120,alidellb@github.com,13,6963
13,Denny,Lody,739 Riverside Way,10,,dlodyc@networksolutions.com,8,8730
14,Aurelie,Jakeman,5853 Pierstorff Circle,20,3830-752,ajakemand@businesswire.com,5,11590
15,Darcee,Vernon,7 Superior Crossing,22,,dvernone@china.com.cn,15,11379
16,Janel,McGinlay,0552 Thompson Point,13,,jmcginlayf@de.vu,5,2416
17,Lurlene,Hobble,2 Superior Road,9,,lhobbleg@ucsd.edu,10,5023
18,Tessie,Byart,905 Bluejay Pass,17,58255-000,tbyarth@deviantart.com,15,8254
19,Chris,Smales,22498 Melody Park,68,356003,csmalesi@eventbrite.com,6,4858
20,Johan,Calleja,901 Spenser Drive,40,47203,jcallejaj@chronoengine.com,10,2967
21,Emylee,Verty,76506 Stuart Way,55,5347,evertyk@merriam-webster.com,11,8347
22,Andrey,Dormand,071 North Hill,63,,adormandl@rambler.ru,6,9470
23,Whitby,Gorghetto,08899 Drewry Plaza,49,,wgorghettom@aboutads.info,4,8024
24,Netty,Moxom,88960 Eagle Crest Alley,95,62907 CEDEX,nmoxomn@shinystat.com,9,5062
25,Lester,Meadmore,39482 Spenser Lane,100,184389,lmeadmoreo@imgur.com,7,3319
26,Halli,Shuard,0 Carberry Street,9,33-180,hshuardp@sakura.ne.jp,1,9491
27,Derk,Reyson,6291 Fulton Trail,84,9540,dreysonq@fda.gov,2,4584
28,Elladine,Clawley,8421 Golf View Avenue,55,861088,eclawleyr@liveinternet.ru,1,6142
29,Janella,Corrao,5372 Clove Terrace,43,538 51,jcorraos@bizjournals.com,14,2274
30,Fanya,Marc,5335 Crescent Oaks Point,54,,fmarct@1und1.de,3,5726
31,Sarena,Hayller,1661 Shasta Trail,49,3962,shaylleru@indiatimes.com,5,11724
32,Betta,Dinkin,31 Northfield Road,55,33-170,bdinkinv@myspace.com,12,6240
33,Rosemarie,Wrenn,0913 Eagle Crest Drive,31,,rwrennw@intel.com,15,10076
34,Gabriel,Horley,19628 Homewood Circle,37,,ghorleyx@usa.gov,11,3894
35,Cara,Dhenin,89289 Lawn Road,36,,cdheniny@eepurl.com,8,7652
36,Sawyere,Plowell,18968 Delladonna Alley,1,,splowellz@adobe.com,7,5331
37,Raymund,Jimmes,3 Merrick Court,45,,rjimmes10@umn.edu,5,10473
38,Maxy,Behling,95162 Iowa Avenue,52,K6A,mbehling11@nih.gov,2,5355
39,Loraine,MacSharry,57 Ridgeview Plaza,98,43215,lmacsharry12@census.gov,9,4733
40,Roley,Papachristophorou,928 3rd Place,35,188760,rpapachristophorou13@cpanel.net,6,9755
41,Britte,Leisk,30 Village Green Trail,11,,bleisk14@delicious.com,7,10024
42,Ardene,Tuminini,2 Red Cloud Hill,71,,atuminini15@comcast.net,15,8851
43,Chariot,Staddom,9 Macpherson Court,32,,cstaddom16@squidoo.com,8,7807
44,Sarine,Roath,9348 Porter Road,8,,sroath17@yolasite.com,2,10133
45,Vanda,Eard,013 Aberg Place,32,,veard18@blogtalkradio.com,14,6990
46,Ginger,Boddymead,349 Vermont Park,48,87390-000,gboddymead19@list-manage.com,2,4643
47,Jess,Halfhyde,718 Express Road,24,,jhalfhyde1a@myspace.com,11,4374
48,Artemas,Isenor,681 Drewry Terrace,33,50000,aisenor1b@123-reg.co.uk,12,9072
49,Abran,Slay,46695 Fairfield Point,33,,aslay1c@omniture.com,1,5312
50,Luise,Kimmons,09278 Crowley Lane,61,,lkimmons1d@naver.com,12,7810
51,Erasmus,Pirot,791 Kingsford Junction,42,,epirot1e@amazon.co.jp,3,4876
52,Adrianne,McKellen,16203 Declaration Hill,47,13399 CEDEX 05,amckellen1f@tripadvisor.com,15,5514
53,Chrysa,Bleazard,1160 Fairview Avenue,5,43-188,cbleazard1g@xing.com,6,7054
54,Les,Frogley,482 Cambridge Point,98,682038,lfrogley1h@google.ru,4,5300
55,Alexandros,Vondrak,57040 Nancy Junction,6,959-1146,avondrak1i@weather.com,2,6640
56,Burty,Simpkiss,62 Petterle Hill,1,,bsimpkiss1j@oaic.gov.au,4,4439
57,Donn,Foxen,6744 Chive Center,89,03055,dfoxen1k@tinyurl.com,6,6932
58,Edyth,Carverhill,91 Macpherson Street,58,25290,ecarverhill1l@wunderground.com,5,8510
59,Lolly,Royden,27 Orin Street,68,,lroyden1m@utexas.edu,15,2385
60,Chase,Borgnet,00 Pennsylvania Park,11,10903,cborgnet1n@who.int,15,3165
61,Ulla,Dragon,65674 Bayside Place,22,,udragon1o@tuttocitta.it,5,11912
62,Marje,Ludovici,654 American Ash Drive,97,5857,mludovici1p@msu.edu,6,4609
63,Baryram,Emanuel,6457 Porter Alley,92,,bemanuel1q@vistaprint.com,9,3058
64,Denyse,Josum,0 Superior Parkway,6,27260,djosum1r@gravatar.com,3,10116
65,Justis,Giorgetti,8 Division Terrace,33,,jgiorgetti1s@nature.com,2,4843
66,Chelsea,Stanyan,436 2nd Place,14,,cstanyan1t@unesco.org,4,10511
67,Vicki,Driver,7 Basil Trail,5,78390-000,vdriver1u@smugmug.com,4,8442
68,Lovell,Beatson,4 Hanson Terrace,24,,lbeatson1v@netlog.com,13,8188
69,Blanche,Flintuff,9 Weeping Birch Plaza,61,162825,bflintuff1w@unicef.org,1,11892
70,Coreen,Joney,40 Continental Avenue,93,,cjoney1x@ameblo.jp,10,6975
71,Stephana,Gutch,03 Union Pass,24,45960-000,sgutch1y@dot.gov,2,3028
72,Karlis,Gadault,56 North Junction,1,,kgadault1z@de.vu,1,11601
73,Hinze,Salamon,24043 Gina Drive,46,2460-105,hsalamon20@slashdot.org,10,3067
74,Rafaela,Gentsch,1 Mayfield Pass,52,74-400,rgentsch21@furl.net,13,8054
75,Pavel,Geerdts,0 Surrey Point,29,,pgeerdts22@mayoclinic.com,13,6851
76,Wynne,Creamen,3735 Fuller Road,3,29-100,wcreamen23@miibeian.gov.cn,6,8282
77,Freddie,Collinwood,0 Beilfuss Lane,40,,fcollinwood24@biblegateway.com,5,7644
78,Ulysses,McGinnis,52552 Kensington Park,35,2530-285,umcginnis25@shop-pro.jp,11,3975
79,Nero,Finnes,1616 Goodland Drive,86,L-3755,nfinnes26@infoseek.co.jp,10,7083
80,Corey,Carberry,93264 Shelley Crossing,95,,ccarberry27@github.io,4,7840
81,Kessia,Yakebovich,63 Fairfield Point,17,77895-000,kyakebovich28@shinystat.com,5,8806
82,Alaster,Bott,13 Bowman Lane,34,5234,abott29@e-recht24.de,3,10133
83,Kendrick,Tappington,6 Becker Place,65,,ktappington2a@sciencedaily.com,12,11886
84,Josy,Edwicke,9299 Brentwood Street,18,,jedwicke2b@squidoo.com,13,6617
85,Heall,Miles,24013 Columbus Crossing,29,,hmiles2c@epa.gov,3,2457
86,Ninnetta,Boyington,3 Lillian Plaza,73,,nboyington2d@instagram.com,10,3852
87,Lena,Defrain,12349 Mesta Terrace,52,,ldefrain2e@devhub.com,2,5032
88,Humfrid,Surgeon,76670 Gateway Alley,22,,hsurgeon2f@digg.com,5,7427
89,Elita,Camous,66 Carpenter Crossing,43,,ecamous2g@timesonline.co.uk,13,3907
90,Tull,Lawrance,4483 Weeping Birch Junction,47,29424,tlawrance2h@noaa.gov,2,10127
91,Linoel,Snoxill,4251 Mariners Cove Terrace,30,,lsnoxill2i@nationalgeographic.com,3,6992
92,Minda,Witchard,50550 Nelson Place,27,4620-261,mwitchard2j@dailymail.co.uk,8,4610
93,Debby,Bothams,2726 Saint Paul Street,14,752 26,dbothams2k@ehow.com,8,2331
94,Berrie,Burdon,4778 Harbort Lane,4,,bburdon2l@mozilla.org,11,10400
95,Coletta,Deetch,762 Amoth Point,80,,cdeetch2m@etsy.com,8,3925
96,Sonya,Trayes,97 Vermont Lane,70,2712,strayes2n@mit.edu,9,4271
97,Morse,Jenner,697 Browning Plaza,7,20189,mjenner2o@desdev.cn,6,11301
98,Mathilde,Abrams,76443 Corben Circle,15,,mabrams2p@opensource.org,8,3759
99,Dyane,Bodker,9578 Northview Court,72,,dbodker2q@house.gov,2,9422
100,Kaitlyn,Ayliff,6 Mallard Pass,56,,kayliff2r@privacy.gov.au,8,4672
101,Andrew,Makey,09939 Algoma Plaza,70,,amakey2s@hhs.gov,12,9419
102,Flemming,Adshad,89 Banding Terrace,77,,fadshad2t@liveinternet.ru,6,11220
103,Sergeant,Micco,6 Fieldstone Road,7,,smicco2u@soundcloud.com,5,9600
104,Lemmy,Maryska,95438 Hermina Trail,40,3860-205,lmaryska2v@dyndns.org,5,6473
105,Udale,Simkins,8232 Sycamore Terrace,94,141860,usimkins2w@msn.com,9,8578
106,Sande,Dellar,87472 Reindahl Trail,77,,sdellar2x@imageshack.us,9,4896
107,Ly,Cathenod,7477 Springview Alley,36,27204 CEDEX,lcathenod2y@pinterest.com,10,4037
108,Loleta,Hryskiewicz,936 Beilfuss Way,64,602103,lhryskiewicz2z@rakuten.co.jp,11,10439
109,Guthrie,Keighly,6880 Division Way,17,,gkeighly30@wired.com,8,3896
110,Alex,Bygreaves,3824 Dryden Lane,70,,abygreaves31@fc2.com,1,9595
111,Selina,Faier,132 Calypso Pass,39,,sfaier32@flickr.com,10,2074
112,Tamara,Signorelli,580 Maywood Circle,45,,tsignorelli33@t.co,12,4531
113,Hildegaard,Wooles,98 Ilene Parkway,88,,hwooles34@hhs.gov,6,6898
114,Minta,Angelo,981 Prentice Point,29,,mangelo35@icio.us,13,9026
115,Ginny,Tidbury,10062 Independence Point,40,77281,gtidbury36@fastcompany.com,2,5245
116,Remington,McComiskey,10 Walton Center,36,85200-000,rmccomiskey37@com.com,13,4637
117,Charlene,Folbigg,9286 Autumn Leaf Place,31,,cfolbigg38@studiopress.com,10,4336
118,Jaymie,Kalinsky,9561 Hollow Ridge Pass,63,6704,jkalinsky39@so-net.ne.jp,11,4694
119,Anet,Luckwell,1852 Reindahl Alley,86,,aluckwell3a@example.com,5,4376
120,Britni,Roney,68466 Duke Junction,95,2587,broney3b@indiatimes.com,2,6465
121,Blake,Pellington,92 Roxbury Center,21,899-3515,bpellington3c@intel.com,14,2989
122,Tamara,Howlin,101 Ridgeway Center,38,,thowlin3d@netlog.com,13,10116
123,Dominica,Friatt,4 Hazelcrest Way,76,,dfriatt3e@vinaora.com,14,4385
124,Verile,Merrell,99741 Mcbride Alley,100,,vmerrell3f@unc.edu,1,6519
125,Ilise,Dermot,22 Prentice Parkway,94,,idermot3g@ebay.com,6,4188
126,Constantin,Labroue,541 Oneill Park,73,456143,clabroue3h@techcrunch.com,15,11811
127,Claudelle,Peaddie,4722 Huxley Junction,61,18400-000,cpeaddie3i@psu.edu,9,2077
128,Nettle,Surgener,91 Meadow Ridge Park,31,,nsurgener3j@merriam-webster.com,2,4012
129,Wendi,Hordell,0514 Linden Park,93,2950-691,whordell3k@chicagotribune.com,6,8600
130,Thekla,Eck,190 Nobel Place,49,,teck3l@accuweather.com,4,3316
131,Midge,Middup,1620 Fallview Point,95,8284,mmiddup3m@imageshack.us,10,9545
132,Kenny,Stanyard,70567 Golf View Parkway,25,309642,kstanyard3n@java.com,8,4170
133,Brigitta,Tiernan,519 6th Lane,99,35156,btiernan3o@redcross.org,9,11620
134,Obadias,Mateu,776 5th Parkway,36,99-235,omateu3p@indiegogo.com,3,6621
135,Mildred,Wonter,759 Vernon Alley,31,,mwonter3q@hibu.com,1,9830
136,Ynes,Provis,9 6th Court,43,1917,yprovis3r@cnet.com,15,9187
137,Edithe,Bowry,683 Carey Junction,28,,ebowry3s@mlb.com,5,11390
138,Cornie,Rockwill,92940 Briar Crest Plaza,79,,crockwill3t@china.com.cn,10,2790
139,Laurene,Simenot,386 Transport Street,36,,lsimenot3u@imgur.com,8,9496
140,Valentijn,Bannister,7261 Randy Street,54,,vbannister3v@dropbox.com,5,6684
141,Bale,Raulin,7977 Donald Avenue,95,731-1515,braulin3w@myspace.com,15,4989
142,Murdock,Aers,0 Blaine Crossing,50,26-806,maers3x@cnet.com,10,3854
143,Reidar,Lemar,48 David Lane,32,242456,rlemar3y@oaic.gov.au,2,2057
144,Gratiana,Vaughn,0988 Sommers Park,12,417 04,gvaughn3z@sun.com,9,4343
145,Clemente,Larmuth,9926 Stuart Trail,81,,clarmuth40@netvibes.com,2,2355
146,Marcelline,Craise,4 Maple Circle,40,,mcraise41@biblegateway.com,1,10211
147,Beret,Lighton,66871 Dwight Point,84,,blighton42@businessinsider.com,12,5895
148,Doy,Grigorio,4 Anniversary Circle,89,05-282,dgrigorio43@studiopress.com,4,3358
149,Garvin,Giovanizio,4186 Granby Place,80,52080,ggiovanizio44@rambler.ru,4,11410
150,Stephana,Peckitt,55 Chive Avenue,80,,speckitt45@craigslist.org,15,5918
151,Elyse,Dadds,6 Eagan Drive,20,,edadds46@sun.com,14,3326
152,Wallis,Jerson,3786 Loftsgordon Park,1,,wjerson47@tmall.com,15,9966
153,Esmaria,Hargreaves,69 Esch Point,83,162222,ehargreaves48@cloudflare.com,12,8134
154,Andrea,Works,58445 Judy Trail,30,,aworks49@abc.net.au,4,3918
155,Hyacinthia,Vittel,28112 Hintze Parkway,84,62-280,hvittel4a@telegraph.co.uk,13,8386
156,Avram,Conichie,837 Banding Crossing,35,3840-032,aconichie4b@sbwire.com,4,5752
157,Normand,Nind,0 Burrows Terrace,93,35300-000,nnind4c@bloomberg.com,4,9423
158,Calley,Stiegars,4 Hallows Drive,88,851 00,cstiegars4d@reference.com,13,3235
159,Wenonah,Ewert,1907 Annamark Point,37,11130,wewert4e@bloglovin.com,10,3405
160,Dallas,Carrol,5 Porter Lane,2,4223,dcarrol4f@tamu.edu,11,11826
161,Dylan,Vanshin,098 Sundown Place,63,9800-525,dvanshin4g@jigsy.com,4,3518
162,Jenifer,Tombleson,85920 Arapahoe Road,78,625999,jtombleson4h@tamu.edu,3,9191
163,Evin,Burress,80 Holmberg Way,22,75902 CEDEX 15,eburress4i@cmu.edu,1,4348
164,Adriaens,Giacaponi,03 Fulton Point,70,7945,agiacaponi4j@spiegel.de,7,6034
165,Edna,Honnicott,721 Luster Place,8,,ehonnicott4k@storify.com,4,9996
166,Ramsey,Westoll,62213 Victoria Way,89,2705-577,rwestoll4l@aboutads.info,3,9799
167,Valli,Gosdin,57 Bellgrove Lane,83,94254 CEDEX,vgosdin4m@sphinn.com,11,4335
168,Janeczka,Roskams,7177 Park Meadow Point,81,,jroskams4n@google.co.jp,15,5673
169,Malissia,Strutz,7785 Kensington Terrace,88,,mstrutz4o@xrea.com,6,3068
170,Killian,Woffenden,4456 Quincy Park,53,,kwoffenden4p@msn.com,12,9488
171,Veronique,Croysdale,6351 Northport Lane,86,9802,vcroysdale4q@mozilla.org,6,3465
172,Bobbee,Quincee,8 Stone Corner Circle,61,3680-191,bquincee4r@skyrock.com,5,4782
173,Grace,MacCracken,51443 Northland Pass,90,,gmaccracken4s@istockphoto.com,2,5816
174,Brent,Oager,3 Columbus Crossing,49,11940-000,boager4t@comcast.net,11,4670
175,Gavan,Francescuccio,457 Valley Edge Drive,69,88-180,gfrancescuccio4u@globo.com,14,4904
176,Burk,Scandroot,9 Northport Pass,31,411 00,bscandroot4v@independent.co.uk,10,5845
177,Michaelina,Shere,2201 Blackbird Park,53,,mshere4w@slideshare.net,11,2655
178,Dal,Larmor,276 Red Cloud Plaza,52,85760-000,dlarmor4x@technorati.com,7,4767
179,Valentino,Gristhwaite,5383 Russell Pass,69,,vgristhwaite4y@friendfeed.com,1,11679
180,Cecilla,Mound,40952 Hovde Place,100,11801,cmound4z@who.int,1,6149
181,Ruperta,Smithson,6 Portage Court,13,,rsmithson50@google.pl,13,2175
182,Sonnnie,Kenner,00806 Marcy Pass,41,,skenner51@so-net.ne.jp,12,5059
183,Roanne,Burnall,7430 Annamark Hill,27,,rburnall52@buzzfeed.com,8,10511
184,Kimberlee,Baddiley,57973 Mosinee Park,18,,kbaddiley53@imdb.com,4,8335
185,Lyndy,Hatchell,58737 Memorial Circle,22,1865,lhatchell54@artisteer.com,4,6275
186,Pinchas,Rallings,83651 Warrior Lane,81,,prallings55@google.it,15,7052
187,Nicky,Kayser,85135 Grover Lane,34,7306,nkayser56@networkadvertising.org,15,5114
188,Sal,Simkovitz,3526 Thierer Junction,60,47140,ssimkovitz57@arizona.edu,4,10917
189,Sonni,Dalbey,2561 East Park,40,,sdalbey58@godaddy.com,6,10435
190,Albrecht,Petrecz,44441 Charing Cross Avenue,74,820-1114,apetrecz59@hud.gov,9,3502
191,Alberik,Willshire,3663 Eagan Way,60,691 08,awillshire5a@istockphoto.com,9,3615
192,Eleonora,Canby,66836 Tennessee Road,53,4324,ecanby5b@vimeo.com,8,11011
193,Mara,Huge,09 Fallview Road,57,,mhuge5c@geocities.com,14,11153
194,Edgard,Matiebe,24823 Banding Lane,96,,ematiebe5d@sitemeter.com,13,2120
195,Dena,Testo,4325 Rowland Pass,33,281 21,dtesto5e@prnewswire.com,15,2968
196,Geri,Dellenbroker,06 Roth Road,34,,gdellenbroker5f@youtu.be,5,10722
197,Tristan,Pobjoy,3291 Lunder Plaza,57,,tpobjoy5g@pen.io,10,6166
198,Doris,Leadstone,88 Petterle Way,87,,dleadstone5h@ed.gov,1,4657
199,Morry,Pirelli,3 Coleman Avenue,12,V2T,mpirelli5i@pcworld.com,4,6363
200,Rockey,Stains,11300 Lyons Way,47,,rstains5j@lycos.com,14,9956
201,Egan,Carey,229 8th Alley,27,,ecarey5k@umich.edu,12,7035
202,Kendre,Red,45 Warbler Point,51,311 35,kred5l@fc2.com,5,10377
203,Mercedes,Bausor,28 Fallview Junction,27,,mbausor5m@friendfeed.com,9,8906
204,Morena,Maes,68 Briar Crest Point,40,,mmaes5n@earthlink.net,10,7369
205,Maurice,Brasher,96 2nd Trail,85,,mbrasher5o@goo.ne.jp,12,10891
206,Evangelina,Kerridge,3912 Corben Lane,25,,ekerridge5p@symantec.com,13,7703
207,Cassius,Esberger,75 Union Pass,92,461 70,cesberger5q@shinystat.com,4,8749
208,Reynolds,Gorelli,6 Green Drive,78,10740,rgorelli5r@salon.com,9,7728
209,Alden,Dutton,4067 Marcy Place,72,L0R,adutton5s@smugmug.com,2,4828
210,Catie,Mavin,1898 Dovetail Street,37,,cmavin5t@a8.net,12,11658
211,Elaina,Chillingworth,09 Duke Parkway,36,2410,echillingworth5u@google.com.hk,6,10556
212,Dotti,Treven,581 Clemons Park,42,,dtreven5v@mit.edu,3,9762
213,Bea,Pargetter,1461 Kinsman Court,22,,bpargetter5w@whitehouse.gov,8,2934
214,Odilia,O'Garmen,65 Oak Way,45,31230,oogarmen5x@skyrock.com,4,10043
215,Erma,Morrieson,16 North Pass,5,53288,emorrieson5y@alibaba.com,5,8503
216,Dana,Shulver,5726 Holy Cross Crossing,5,,dshulver5z@scientificamerican.com,15,11619
217,Iolande,Benediktsson,71 Eastwood Street,23,892-0873,ibenediktsson60@cnbc.com,12,11884
218,Martie,Glantz,3348 8th Parkway,63,,mglantz61@ovh.net,3,2316
219,Louise,Jakubowski,90 Bobwhite Park,18,591 46,ljakubowski62@gizmodo.com,4,7420
220,Francesca,Tissier,6455 Dottie Point,58,4690-696,ftissier63@seattletimes.com,14,4890
221,Cathrine,Blazejewski,230 Warner Drive,30,,cblazejewski64@ed.gov,7,8189
222,Dorothy,McLanaghan,97 Emmet Center,42,25362,dmclanaghan65@cisco.com,13,5926
223,Annabel,Dimitresco,51 Macpherson Way,20,98109,adimitresco66@soup.io,11,2408
224,Isidor,Arrault,2 Trailsway Circle,12,,iarrault67@youtube.com,7,3443
225,Yul,Rivalant,0 Carpenter Circle,36,,yrivalant68@ehow.com,5,2268
226,Christalle,McCaughey,67145 Basil Court,57,,cmccaughey69@naver.com,9,11207
227,Lianna,Pulver,909 Shoshone Alley,7,L-5891,lpulver6a@studiopress.com,4,10683
228,Mavis,Bock,33993 Forest Run Crossing,55,,mbock6b@examiner.com,9,8378
229,Ripley,Alliston,5735 Parkside Lane,87,7118,ralliston6c@tinypic.com,6,4859
230,Berkly,Chamberlain,72 Fuller Court,22,55170-000,bchamberlain6d@geocities.jp,13,8855
231,Karlan,Gallego,4421 Hoffman Place,64,,kgallego6e@domainmarket.com,7,5553
232,Averell,Gaskall,4 Upham Place,94,3503,agaskall6f@umich.edu,10,7888
233,Clarissa,Lisle,1 Oak Trail,98,08190,clisle6g@ehow.com,11,7368
234,Berkie,Turl,970 Anhalt Court,30,09500-000,bturl6h@smh.com.au,3,3275
235,Collette,Castagnaro,97 Duke Place,60,,ccastagnaro6i@whitehouse.gov,4,7376
236,Guinevere,Coston,04 Spaight Lane,65,59650-000,gcoston6j@ca.gov,1,9730
237,Corrie,Skatcher,7 Elka Street,67,1171,cskatcher6k@dell.com,12,6924
238,Dallis,Yvens,94203 Clyde Gallagher Street,71,30201,dyvens6l@360.cn,15,7786
239,Arabella,Troni,027 Cambridge Drive,62,,atroni6m@purevolume.com,8,10582
240,Berny,Poller,314 Katie Way,10,89155,bpoller6n@java.com,2,5770
241,Errol,Sharrem,8729 Pankratz Point,21,95319 CEDEX,esharrem6o@odnoklassniki.ru,5,7664
242,Celka,Cartmell,299 Bartelt Court,69,,ccartmell6p@twitter.com,4,4866
243,Cindelyn,Avrahm,32 Mcguire Crossing,8,,cavrahm6q@addtoany.com,10,3711
244,Erich,Pasticznyk,3024 Hansons Hill,20,,epasticznyk6r@eepurl.com,8,9741
245,Chlo,Woodrooffe,17 Golf Park,24,,cwoodrooffe6s@sciencedirect.com,10,10137
246,Nealon,Skitch,6350 Goodland Center,98,,nskitch6t@delicious.com,5,11027
247,Morey,Wilber,3 Starling Court,51,,mwilber6u@ebay.co.uk,11,7043
248,Janot,Denisyev,081 Forest Run Circle,87,,jdenisyev6v@sciencedirect.com,12,11947
249,Binnie,Storks,4 Golf Street,61,630534,bstorks6w@histats.com,1,7651
250,Virgil,Pebworth,61 Brown Lane,49,8000,vpebworth6x@wunderground.com,2,5767
251,Elspeth,Pales,2 Portage Center,55,251 63,epales6y@fema.gov,12,3764
252,Jackie,Moan,57 Ronald Regan Way,24,40323,jmoan6z@senate.gov,2,3119
253,Karisa,Cornner,22778 Summerview Plaza,17,,kcornner70@dailymotion.com,5,6459
254,Norris,Cleator,01 Petterle Pass,47,3080-520,ncleator71@51.la,7,10673
255,Miller,Nizet,48972 Talisman Place,17,,mnizet72@facebook.com,5,7188
256,Lazarus,Ballantine,500 Dryden Plaza,40,,lballantine73@wikimedia.org,1,6727
257,Sylvan,Taill,25 Leroy Alley,33,230029,staill74@posterous.com,14,2840
258,Raff,Clements,4 Fulton Court,62,76-214,rclements75@virginia.edu,9,5134
259,Nerta,Lyman,1 Caliangt Point,53,2490-105,nlyman76@cbc.ca,6,10959
260,Jemie,Nisco,30509 Merchant Terrace,3,6773,jnisco77@cafepress.com,15,2164
261,Emlyn,Ingyon,6 Express Plaza,82,,eingyon78@about.com,9,3723
262,Stanfield,Rasp,4 Lien Road,34,,srasp79@spiegel.de,12,3607
263,Bathsheba,Hazeldene,1 Kedzie Drive,87,,bhazeldene7a@symantec.com,10,6590
264,Riane,Schleicher,03 Goodland Hill,24,35588-000,rschleicher7b@stumbleupon.com,7,10797
265,Corette,Elies,05172 Spenser Pass,58,4403,celies7c@freewebs.com,6,6809
266,Keelby,Paylie,8 Atwood Way,6,,kpaylie7d@icq.com,8,3707
267,Kore,Sebastian,707 Redwing Trail,50,602 34,ksebastian7e@joomla.org,1,4119
268,Manya,Bonallick,0 Butternut Trail,20,054028,mbonallick7f@nifty.com,14,8868
269,Jewelle,Kittles,53910 Jenifer Pass,100,,jkittles7g@google.fr,9,3304
270,Shelba,Wilkenson,2 Doe Crossing Lane,31,,swilkenson7h@ox.ac.uk,14,7328
271,Idette,Puvia,40398 Lighthouse Bay Crossing,20,,ipuvia7i@canalblog.com,8,7905
272,Raul,Spurr,2609 Dovetail Pass,63,4712,rspurr7j@mozilla.com,5,9628
273,Ilysa,Guillart,6947 Mitchell Alley,89,,iguillart7k@domainmarket.com,5,7168
274,Cindelyn,Conradie,25 Chinook Hill,45,691 55,cconradie7l@live.com,12,8974
275,Lev,Maffy,94 Village Crossing,58,,lmaffy7m@hhs.gov,5,10659
276,Adriana,Tindall,37 Bartillon Court,40,599 92,atindall7n@alibaba.com,7,9735
277,Peggi,Chaperlin,5515 Forest Run Parkway,28,989-2433,pchaperlin7o@mayoclinic.com,9,5095
278,Killian,Copping,4131 Randy Plaza,37,,kcopping7p@sakura.ne.jp,5,7723
279,Horton,Leason,9 Lakeland Junction,68,7006,hleason7q@accuweather.com,1,9084
280,Anthiathia,Mesnard,09 Summit Street,70,,amesnard7r@forbes.com,13,9827
281,Jerrome,Geer,76 Sullivan Terrace,78,2425-838,jgeer7s@foxnews.com,9,6079
282,Felita,Strangeways,46 Colorado Point,100,10801,fstrangeways7t@printfriendly.com,13,10266
283,Daune,Pestridge,9959 Hermina Center,47,96950,dpestridge7u@behance.net,3,8700
284,Toni,Churchlow,9074 Thackeray Drive,56,,tchurchlow7v@businessinsider.com,6,9560
285,Logan,Marzelle,76595 Wayridge Terrace,23,3011,lmarzelle7w@multiply.com,13,6593
286,Philipa,Jedrzaszkiewicz,2616 Clemons Plaza,76,49-200,pjedrzaszkiewicz7x@ask.com,9,3751
287,Jessika,Drowsfield,43 Parkside Circle,54,,jdrowsfield7y@dion.ne.jp,1,7759
288,Sapphira,Bourget,17463 Carioca Center,17,6973,sbourget7z@jigsy.com,9,10162
289,Bernadina,Parsley,5212 Gina Park,93,29952,bparsley80@themeforest.net,15,3208
290,Shane,O'Fearguise,9 Troy Road,86,94132,sofearguise81@de.vu,1,3618
291,Bron,Rowsell,974 Chinook Avenue,81,4312,browsell82@bloglovin.com,12,6781
292,Arlyne,Swadon,24095 Del Mar Way,39,,aswadon83@ft.com,13,11825
293,Valenka,Kelner,895 Claremont Parkway,33,,vkelner84@patch.com,4,5451
294,Guillaume,Warcop,61685 Carioca Alley,8,,gwarcop85@fotki.com,9,10509
295,Maybelle,Lyenyng,30039 Manufacturers Park,37,3252,mlyenyng86@de.vu,8,7185
296,Dieter,MacBrearty,3876 Sugar Hill,26,,dmacbrearty87@slate.com,8,5227
297,Agathe,Belchamp,32 8th Center,88,88519,abelchamp88@netvibes.com,10,11832
298,Joshia,Kolis,3086 Londonderry Alley,39,413 01,jkolis89@senate.gov,12,6563
299,Barbette,Brimilcombe,9 Luster Crossing,2,,bbrimilcombe8a@who.int,2,11907
300,Shawn,Murtagh,37 Ronald Regan Place,17,,smurtagh8b@hp.com,8,7489
301,Zebedee,Makeswell,47634 Morningstar Point,95,,zmakeswell8c@cnbc.com,13,8349
302,Radcliffe,Ferfulle,3992 8th Place,31,,rferfulle8d@wikia.com,13,9212
303,Zachariah,McKeurton,321 Ridge Oak Parkway,100,140704,zmckeurton8e@addtoany.com,10,10391
304,Henrie,Zima,17 Debra Park,57,,hzima8f@topsy.com,8,11782
305,Freddie,Divall,4318 Schurz Road,37,93305,fdivall8g@google.ca,14,4556
306,Jobyna,Maric,645 Arkansas Lane,58,,jmaric8h@ezinearticles.com,7,6173
307,Hildagard,Shawley,962 Sauthoff Trail,34,,hshawley8i@theatlantic.com,11,6594
308,Ossie,Seczyk,17 Tony Circle,16,547018,oseczyk8j@jimdo.com,11,9918
309,Katya,Sine,17136 Monterey Pass,31,2015,ksine8k@marketwatch.com,13,5581
310,Giulio,Dahlgren,7 Logan Point,42,,gdahlgren8l@vimeo.com,3,2339
311,Alvy,Cawcutt,1 Meadow Valley Point,19,,acawcutt8m@ibm.com,9,6513
312,Wini,Klima,6268 Chinook Avenue,9,456862,wklima8n@bloglines.com,10,3170
313,Shellysheldon,Bradnock,52 Delladonna Terrace,3,,sbradnock8o@sohu.com,1,2390
314,Jaquenetta,Cinderey,9 Delladonna Road,28,,jcinderey8p@senate.gov,12,6767
315,Mead,Cardozo,03616 Del Mar Lane,15,66-540,mcardozo8q@state.tx.us,11,8464
316,Benny,Biernat,1719 Doe Crossing Pass,2,368216,bbiernat8r@rediff.com,15,4343
317,Imojean,Lidington,65291 Hanover Center,66,,ilidington8s@amazon.co.uk,8,11606
318,Robinet,Bosward,61946 Oxford Center,79,,rbosward8t@last.fm,10,9326
319,Upton,Le Provest,605 Toban Terrace,86,2727,uleprovest8u@delicious.com,15,8568
320,Sherm,Keyes,521 Welch Place,87,,skeyes8v@flickr.com,4,8517
321,Hermie,Elintune,25978 Hoard Road,32,07-437,helintune8w@uol.com.br,8,2620
322,Benn,Witheridge,28467 Buhler Road,49,,bwitheridge8x@redcross.org,12,5479
323,Euphemia,Itshak,095 Ludington Way,44,4755-318,eitshak8y@google.co.jp,11,10305
324,Junie,Rainsden,65497 Eastlawn Terrace,33,51301,jrainsden8z@ed.gov,15,11111
325,Corrie,Demead,1308 Pond Plaza,80,5900,cdemead90@ox.ac.uk,11,5712
326,Sonja,Jorg,244 Anzinger Hill,11,,sjorg91@washingtonpost.com,6,4682
327,Marieann,Ivakhno,43973 Morningstar Road,56,2806,mivakhno92@youtube.com,5,5402
328,Claudette,Sturrock,44539 Elmside Center,81,,csturrock93@senate.gov,9,8674
329,Merwyn,Willers,3 Lillian Junction,68,,mwillers94@nbcnews.com,10,9970
330,Paige,Freezer,2767 Hallows Terrace,72,,pfreezer95@prweb.com,15,8594
331,Sharl,Count,974 Maple Wood Trail,31,20380,scount96@va.gov,7,10400
332,Dyan,Elbourn,77822 Boyd Terrace,83,8800-114,delbourn97@google.pl,12,10532
333,Frayda,Peltzer,6 Grasskamp Avenue,39,3303,fpeltzer98@amazon.co.jp,2,7217
334,Stevie,Reilingen,3394 Bunker Hill Center,12,81140,sreilingen99@elpais.com,10,4208
335,Farleigh,Murch,576 Myrtle Court,75,,fmurch9a@biglobe.ne.jp,6,5261
336,Cammie,Picardo,87 Corscot Road,56,851 94,cpicardo9b@sourceforge.net,12,6539
337,Jonell,Killshaw,82 Walton Road,15,2645,jkillshaw9c@unblog.fr,6,8441
338,Corby,Bradnam,10 Garrison Drive,32,3501,cbradnam9d@gnu.org,5,5960
339,Alfreda,Dubery,76664 Sugar Crossing,90,,adubery9e@bbc.co.uk,15,3867
340,Barnett,Stanlock,12 Graedel Court,47,21002,bstanlock9f@amazonaws.com,8,11158
341,Dacy,Evenden,6834 Ronald Regan Trail,33,13348 CEDEX 20,devenden9g@cocolog-nifty.com,1,5412
342,Dodie,Peile,13 Dayton Hill,78,,dpeile9h@bloglovin.com,4,5540
343,Marshal,Chat,395 8th Park,30,4207,mchat9i@etsy.com,9,2229
344,Josepha,Aloshkin,68 Northview Avenue,15,5385,jaloshkin9j@rakuten.co.jp,15,8806
345,Sosanna,Tunstall,7 Luster Pass,3,336-0926,stunstall9k@pcworld.com,2,10433
346,Anthony,Bridgland,24 Onsgard Park,55,,abridgland9l@joomla.org,9,5938
347,Chester,Antonognoli,025 Schmedeman Circle,24,65630-000,cantonognoli9m@goodreads.com,15,3259
348,Alford,Millard,76237 Almo Point,77,,amillard9n@shop-pro.jp,3,9288
349,Jonie,Goomes,2926 Loeprich Crossing,100,,jgoomes9o@whitehouse.gov,13,2508
350,Noami,McCullogh,523 Menomonie Circle,96,77915-000,nmccullogh9p@mashable.com,7,11684
351,Gunner,Zukerman,95 Comanche Park,97,,gzukerman9q@home.pl,9,6892
352,Loraine,Truse,22529 Merchant Parkway,96,,ltruse9r@columbia.edu,15,11577
353,Katy,Ewan,466 Morningstar Way,51,,kewan9s@unblog.fr,7,8896
354,Bancroft,Burman,59 Evergreen Drive,71,,bburman9t@purevolume.com,3,9521
355,Ana,Bauduin,478 Warrior Alley,85,,abauduin9u@printfriendly.com,14,9089
356,Armando,Aggott,52 David Junction,96,19141,aaggott9v@tinyurl.com,15,7697
357,Mattie,Castelli,3 Derek Terrace,76,,mcastelli9w@arstechnica.com,9,4823
358,Ray,Degli Abbati,889 Nelson Alley,32,,rdegliabbati9x@webs.com,2,9744
359,Olva,Domelow,04 Clarendon Park,30,5196,odomelow9y@goo.gl,6,11187
360,Melany,Biernacki,88577 Manitowish Center,31,,mbiernacki9z@toplist.cz,9,8270
361,Sallyanne,Ridett,00 Morningstar Way,16,,sridetta0@disqus.com,15,9877
362,Averil,Hise,000 Granby Pass,19,,ahisea1@discovery.com,13,3761
363,Nollie,Goldsmith,194 Pierstorff Alley,11,91959 CEDEX,ngoldsmitha2@cnn.com,11,10434
364,Oralee,Yorston,1 Sachtjen Hill,24,,oyorstona3@github.io,13,6683
365,Gwenette,Padson,28147 Comanche Parkway,62,368458,gpadsona4@nbcnews.com,14,7998
366,Kalie,Blackaller,79 Fuller Trail,18,,kblackallera5@hibu.com,7,11281
367,Stern,Rushforth,99 Lakeland Trail,41,601240,srushfortha6@apple.com,10,5589
368,Theresa,Malcolm,7 Homewood Trail,64,,tmalcolma7@cdc.gov,7,10235
369,Wolf,Widdicombe,7 Marquette Court,21,,wwiddicombea8@deliciousdays.com,6,9993
370,Leah,Keogh,84 Sutherland Road,61,2840-044,lkeogha9@seesaa.net,11,6612
371,Zorana,Pischel,28797 Golf Point,97,,zpischelaa@ezinearticles.com,14,9347
372,Fin,Hobbert,66 Northland Crossing,42,214512,fhobbertab@ox.ac.uk,1,8699
373,Farleigh,Redit,7387 Derek Terrace,25,31110,freditac@techcrunch.com,9,2066
374,Amargo,Doogan,57579 Lukken Park,48,33001,adooganad@intel.com,13,3912
375,Wilow,De Fraine,8187 Randy Center,100,,wdefraineae@nps.gov,4,10082
376,Brier,Iles,6704 Esch Drive,88,11604,bilesaf@sun.com,5,9090
377,Artemis,MacCarter,47 Roxbury Street,5,182156,amaccarterag@gov.uk,6,7603
378,Stormi,Crassweller,5 Karstens Trail,55,692980,scrasswellerah@last.fm,9,6861
379,Rudie,Priest,3 Arizona Place,39,,rpriestai@ow.ly,3,3828
380,Eleanora,Coldbath,3674 Mifflin Junction,35,66210,ecoldbathaj@reference.com,13,3221
381,Kelcy,Rablen,7523 Scott Circle,64,,krablenak@bandcamp.com,11,8413
382,Benita,Bruinsma,72792 Toban Terrace,37,8412,bbruinsmaal@bluehost.com,13,7595
383,Perri,Dallan,016 Graceland Road,93,242 35,pdallanam@fda.gov,4,4264
384,Daniel,Hallibone,892 Carioca Point,46,83880-000,dhallibonean@theatlantic.com,14,8205
385,Horacio,Lacky,88512 Gulseth Plaza,24,6204,hlackyao@e-recht24.de,13,9333
386,Gerome,Lafay,5231 Delaware Plaza,49,2500-454,glafayap@yelp.com,1,6494
387,Barbabas,Sneesbie,28470 Blue Bill Park Point,81,83553,bsneesbieaq@myspace.com,7,7858
388,Delbert,Haps,40 Garrison Court,58,,dhapsar@sbwire.com,4,7272
389,Mikey,Gaunson,31 Elmside Hill,39,09700-000,mgaunsonas@salon.com,11,9968
390,Bernhard,Markova,240 Claremont Court,95,619320,bmarkovaat@ycombinator.com,3,5244
391,Ellene,Mazdon,6 1st Street,10,,emazdonau@prweb.com,12,7502
392,Gardy,McCollum,33 Bunker Hill Parkway,47,S4A,gmccollumav@time.com,3,8923
393,Ferne,Murby,64 Southridge Plaza,47,171 94,fmurbyaw@etsy.com,3,3296
394,Karia,Broady,0 Forest Dale Alley,63,,kbroadyax@google.com,4,11056
395,Adrianna,Mardlin,7878 Colorado Road,70,689400,amardlinay@pinterest.com,8,9064
396,Ax,Stoker,99 Welch Terrace,72,,astokeraz@constantcontact.com,8,8361
397,Bartholomeo,Tax,45221 Magdeline Avenue,44,187349,btaxb0@npr.org,10,11621
398,Lucian,Westlake,17670 Cardinal Avenue,85,V4B,lwestlakeb1@blogs.com,7,4101
399,Alfi,Southey,7202 Alpine Hill,25,,asoutheyb2@photobucket.com,13,8658
400,Hagen,Reith,9970 Coleman Terrace,26,8102,hreithb3@telegraph.co.uk,3,2894
401,Alisander,Farryn,20224 Autumn Leaf Crossing,55,,afarrynb4@va.gov,1,8466
402,Asa,Gambie,04226 Monica Street,1,59112,agambieb5@smugmug.com,13,8613
403,Tabatha,Ravilious,19 Mifflin Place,7,35180-000,traviliousb6@upenn.edu,12,9165
404,Cord,Duffil,7 Colorado Circle,21,366502,cduffilb7@usda.gov,15,7026
405,Claudette,Matejka,05 Nancy Street,19,,cmatejkab8@harvard.edu,15,10123
406,Jerrold,Totaro,1 Steensland Hill,48,731067,jtotarob9@latimes.com,4,10858
407,Trudie,Jacomb,7 Bonner Plaza,59,,tjacombba@army.mil,2,5002
408,Emmerich,Johnstone,15 Luster Crossing,93,,ejohnstonebb@studiopress.com,12,3336
409,Harland,Ruxton,34185 Portage Parkway,97,62-280,hruxtonbc@digg.com,6,3841
410,Gelya,McKeighan,08 Oneill Crossing,25,,gmckeighanbd@bluehost.com,5,8855
411,Lyn,Hupe,78 6th Alley,46,11140,lhupebe@psu.edu,5,11268
412,Dannel,Dybbe,0 Merrick Crossing,85,71160,ddybbebf@discuz.net,13,11000
413,Vin,Prozillo,7 Tony Road,91,1240,vprozillobg@nyu.edu,15,4036
414,Gilberta,Ellicombe,48215 Farragut Hill,42,,gellicombebh@slashdot.org,15,10564
415,Dukey,Foulds,900 Sommers Place,28,386 94,dfouldsbi@eepurl.com,5,6625
416,Yorgos,Buckthorp,0215 Oakridge Avenue,26,77570,ybuckthorpbj@youtube.com,12,3966
417,Tish,Scipsey,1431 Clarendon Circle,13,71000,tscipseybk@illinois.edu,1,9840
418,Teodora,Coverdill,8 Veith Circle,54,,tcoverdillbl@miitbeian.gov.cn,12,6148
419,Stan,Salvati,24012 Dawn Road,34,,ssalvatibm@dion.ne.jp,14,6313
420,Caspar,Ygo,2721 Ridgeway Hill,46,,cygobn@ihg.com,4,10592
421,Dalis,Turban,2 Spaight Way,63,15517,dturbanbo@weather.com,12,3707
422,Martelle,Garvie,9 Orin Circle,93,472008,mgarviebp@facebook.com,6,11404
423,Rodrique,Polglase,322 Division Road,67,,rpolglasebq@aol.com,15,6960
424,Moria,Coton,91 Green Ridge Point,80,,mcotonbr@ucoz.com,13,3760
425,Cristionna,Grieg,564 Jay Road,47,47216,cgriegbs@51.la,12,7068
426,Jackie,Lineker,14569 Briar Crest Street,12,,jlinekerbt@nydailynews.com,14,8142
427,Shandee,Flewitt,9 Butternut Crossing,53,413028,sflewittbu@woothemes.com,6,7470
428,Freddie,Whetson,656 Boyd Center,51,32251,fwhetsonbv@archive.org,2,10076
429,Hyacinthe,Maryska,7334 Superior Court,33,,hmaryskabw@amazonaws.com,4,7923
430,Aloysius,Windham,77121 Kim Place,24,69470-000,awindhambx@tripod.com,13,11617
431,Malvina,Zollner,7439 Cody Crossing,38,,mzollnerby@wired.com,2,4664
432,Bo,Hearty,62 Thackeray Parkway,39,,bheartybz@edublogs.org,11,5054
433,Delia,Marjoribanks,62 Macpherson Circle,10,64103,dmarjoribanksc0@smh.com.au,15,3595
434,Jemie,Guys,7 Miller Court,55,30815,jguysc1@4shared.com,5,3262
435,Delilah,Linck,3 Melody Park,9,,dlinckc2@printfriendly.com,8,9199
436,Tatiana,Blees,2979 Ridgeview Hill,48,186304,tbleesc3@tumblr.com,7,11102
437,Ferdy,Crufts,0123 Mallard Pass,5,3185,fcruftsc4@google.it,3,9021
438,Guglielma,Blodgett,3896 Waxwing Hill,85,8118,gblodgettc5@wordpress.org,11,9196
439,Bethany,Dyott,756 Stuart Plaza,22,,bdyottc6@sciencedaily.com,15,10937
440,Rolando,Ghirardi,7533 Nancy Point,31,,rghirardic7@i2i.jp,15,7749
441,Sascha,Kubecka,23 Clemons Road,17,,skubeckac8@addthis.com,11,5088
442,Tiphani,Massard,21601 Lake View Crossing,98,14109 CEDEX,tmassardc9@issuu.com,15,5896
443,Leonard,Brun,33 Shopko Crossing,50,801-0885,lbrunca@illinois.edu,10,11975
444,Kanya,Caldwell,2 Caliangt Trail,33,,kcaldwellcb@timesonline.co.uk,4,10274
445,Kariotta,Jearum,37 Declaration Point,4,168 58,kjearumcc@nydailynews.com,1,3604
446,Courtney,Benedict,98190 Goodland Circle,29,,cbenedictcd@bbb.org,3,5328
447,Brandi,Groomebridge,1784 Manufacturers Drive,36,,bgroomebridgece@yandex.ru,8,11427
448,Fredek,Stonner,87 Carey Point,53,,fstonnercf@sina.com.cn,12,2830
449,Niel,Densey,0790 Rowland Point,77,,ndenseycg@tamu.edu,5,2960
450,Alyson,Seif,32922 Miller Circle,23,4829,aseifch@cam.ac.uk,3,3629
451,Viki,Tipler,30314 Sunnyside Place,70,7040-524,vtiplerci@smugmug.com,8,5653
452,Reginald,Douce,70 Hansons Crossing,95,172372,rdoucecj@unesco.org,7,4366
453,Marlo,Geldard,52808 Hansons Center,33,,mgeldardck@reverbnation.com,14,7181
454,Shellysheldon,Fenkel,7318 Tennessee Pass,19,79200-000,sfenkelcl@un.org,3,9147
455,Junie,Eaden,46890 Vermont Center,97,,jeadencm@blogger.com,4,7121
456,Stern,Portman,6 Commercial Terrace,89,3070-085,sportmancn@google.it,5,6642
457,Nickolas,Gookey,5 Superior Lane,18,,ngookeyco@intel.com,1,2753
458,Derrek,Oxborough,0 West Way,25,,doxboroughcp@nhs.uk,1,11539
459,Malinda,Limpkin,9027 Golf Course Hill,50,,mlimpkincq@bloglines.com,11,7625
460,Felicdad,Mercik,6445 Northland Circle,47,34-206,fmercikcr@4shared.com,12,5734
461,Elladine,Trever,82418 Schiller Center,26,47899,etrevercs@digg.com,3,11981
462,Jacquenette,Treace,3755 Clarendon Trail,35,,jtreacect@is.gd,10,10198
463,Rolph,Pamplin,423 Scott Crossing,9,5160-218,rpamplincu@usatoday.com,8,7800
464,Kitty,Strowlger,79440 Muir Crossing,74,,kstrowlgercv@mysql.com,14,3188
465,Levi,Sheerman,2016 Merchant Alley,37,252257,lsheermancw@msn.com,8,5174
466,Addie,Sainer,0022 Blackbird Terrace,52,,asainercx@netvibes.com,7,10495
467,Roxi,Coverley,47476 Texas Center,18,,rcoverleycy@kickstarter.com,14,10759
468,Adriane,Shippey,8532 Annamark Avenue,46,09-505,ashippeycz@cocolog-nifty.com,1,5197
469,Wood,Prudham,1293 Jackson Alley,61,357748,wprudhamd0@feedburner.com,9,5064
470,Cammy,MacCallester,1 Schurz Lane,40,,cmaccallesterd1@gizmodo.com,15,10433
471,Fairlie,Alfonso,8 Artisan Hill,35,78-449,falfonsod2@alibaba.com,6,7345
472,Esta,Godard,0004 6th Alley,65,,egodardd3@tripod.com,7,7842
473,Eachelle,Espinal,61 Schlimgen Lane,59,,eespinald4@youku.com,1,2915
474,Jdavie,Peckham,9131 Northview Way,71,,jpeckhamd5@wikipedia.org,7,5608
475,Allister,Esche,0759 Maple Court,83,66074,aesched6@homestead.com,9,3567
476,Adair,Dyer,2755 Welch Alley,83,11805,adyerd7@archive.org,6,6045
477,Merna,Rabbatts,81651 Fuller Street,40,678580,mrabbattsd8@wsj.com,10,5723
478,Amalia,Kryzhov,1135 Glendale Road,15,,akryzhovd9@biglobe.ne.jp,12,10115
479,Maryjane,Pingstone,91 Morning Parkway,54,,mpingstoneda@theguardian.com,14,7641
480,Rabbi,Corkett,56953 Bultman Way,30,38-323,rcorkettdb@ycombinator.com,3,8034
481,Clemente,Ashbridge,2 Texas Lane,5,446154,cashbridgedc@mtv.com,5,8843
482,Merline,Kinder,8466 Butterfield Junction,95,4415-719,mkinderdd@wikipedia.org,13,9878
483,Giana,Bigglestone,7 Mccormick Point,46,9711,gbigglestonede@ifeng.com,8,3572
484,Madelene,Fancutt,2 Paget Alley,75,B4P,mfancuttdf@slideshare.net,10,11363
485,Guilbert,Krienke,66684 Homewood Trail,5,40000-000,gkrienkedg@behance.net,11,4852
486,Dominik,Mosedall,21 Beilfuss Way,16,13220-000,dmosedalldh@si.edu,11,5750
487,Giselle,Suthworth,6 Bashford Center,45,,gsuthworthdi@gov.uk,3,4922
488,Deloris,Breese,01056 Katie Parkway,56,,dbreesedj@acquirethisname.com,4,11085
489,Lorry,Gilyott,512 Messerschmidt Street,12,,lgilyottdk@tripadvisor.com,14,10919
490,Griff,Devennie,0 Debs Avenue,81,,gdevenniedl@elpais.com,9,11578
491,Marcelline,Connett,44946 Clemons Lane,64,8505,mconnettdm@cpanel.net,8,8499
492,Binky,Donneely,973 Moose Place,44,2325,bdonneelydn@free.fr,10,3827
493,Isadora,Hele,25 Oakridge Street,61,,iheledo@eventbrite.com,9,10293
494,Dorey,Comoletti,9 Cascade Road,15,,dcomolettidp@aboutads.info,3,8942
495,Peta,Brimley,631 Carey Pass,23,525508,pbrimleydq@oakley.com,8,11426
496,Zebulen,Goodnow,0674 Merry Plaza,29,V31,zgoodnowdr@cpanel.net,3,4790
497,Hedwiga,Le Cornu,15089 Cherokee Pass,46,95960-000,hlecornuds@aboutads.info,6,9275
498,Cleon,Coote,998 Merchant Junction,57,,ccootedt@accuweather.com,5,7612
499,Leonard,Steptowe,6080 Coleman Center,45,01114,lsteptowedu@ameblo.jp,13,5787
500,Sapphire,Tolomelli,07 Dapin Point,100,,stolomellidv@histats.com,4,2343
